time,vout,iout,
0,-6.14E-51,1.23E-52,
2.002E-10,3.03E-01,6.04E-04,2.00E-13
2.00234E-10,3.54E-01,7.24E-04,2.34E-13
2.00279E-10,4.19E-01,9.10E-04,2.79E-13
2.00302E-10,4.53E-01,1.02E-03,3.02E-13
2.00333E-10,4.96E-01,1.17E-03,3.33E-13
2.00358E-10,5.31E-01,1.30E-03,3.58E-13
2.00386E-10,5.71E-01,1.46E-03,3.86E-13
2.00413E-10,6.08E-01,1.63E-03,4.13E-13
2.00443E-10,6.47E-01,1.82E-03,4.43E-13
2.00472E-10,6.86E-01,2.02E-03,4.72E-13
2.00504E-10,7.27E-01,2.24E-03,5.04E-13
2.00567E-10,8.09E-01,2.73E-03,5.67E-13
2.00641E-10,9.00E-01,3.35E-03,6.41E-13
2.0076E-10,1.041,4.50E-03,7.60E-13
2.00801E-10,1.088,4.93E-03,8.01E-13
2.00831E-10,1.122,5.27E-03,8.31E-13
2.00843E-10,1.135,5.40E-03,8.43E-13
2.00851E-10,1.144,5.49E-03,8.51E-13
2.00861E-10,1.155,5.60E-03,8.61E-13
2.00867E-10,1.162,5.68E-03,8.67E-13
2.00873E-10,1.168,5.74E-03,8.73E-13
2.00877E-10,1.173,5.79E-03,8.77E-13
2.00882E-10,1.177,5.84E-03,8.82E-13
2.00886E-10,1.182,5.89E-03,8.86E-13
2.0089E-10,1.187,5.94E-03,8.90E-13
2.00895E-10,1.191,5.99E-03,8.95E-13
2.00899E-10,1.196,6.05E-03,8.99E-13
2.00904E-10,1.202,6.11E-03,9.04E-13
2.0091E-10,1.208,6.18E-03,9.10E-13
2.00916E-10,1.215,6.25E-03,9.16E-13
2.00924E-10,1.223,6.34E-03,9.24E-13
2.00933E-10,1.232,6.45E-03,9.33E-13
2.00944E-10,1.244,6.59E-03,9.44E-13
2.00958E-10,1.259,6.77E-03,9.58E-13
2.00977E-10,1.278,7.00E-03,9.77E-13
2.01E-10,1.303,7.31E-03,1.00E-12
2.0103E-10,1.336,7.73E-03,1.03E-12
2.0108E-10,1.378,8.30E-03,1.08E-12
2.0112E-10,1.418,8.87E-03,1.12E-12
2.0116E-10,1.458,9.46E-03,1.16E-12
2.012E-10,1.497,1.01E-02,1.20E-12
2.0125E-10,1.54,1.08E-02,1.25E-12
2.013E-10,1.588,1.16E-02,1.30E-12
2.0136E-10,1.641,1.26E-02,1.36E-12
2.0143E-10,1.7,1.37E-02,1.43E-12
2.0151E-10,1.765,1.50E-02,1.51E-12
2.016E-10,1.836,1.66E-02,1.60E-12
2.017E-10,1.913,1.85E-02,1.70E-12
2.0182E-10,1.996,2.07E-02,1.82E-12
2.0195E-10,2.085,2.34E-02,1.95E-12
2.021E-10,2.18,2.64E-02,2.10E-12
2.0227E-10,2.279,3.00E-02,2.27E-12
2.0246E-10,2.383,3.42E-02,2.46E-12
2.0267E-10,2.49,3.91E-02,2.67E-12
2.029E-10,2.6,4.48E-02,2.90E-12
2.0317E-10,2.713,5.14E-02,3.17E-12
2.0346E-10,2.828,5.89E-02,3.46E-12
2.0379E-10,2.945,6.76E-02,3.79E-12
2.0416E-10,3.065,7.74E-02,4.16E-12
2.0457E-10,3.189,8.86E-02,4.57E-12
2.0503E-10,3.32,1.01E-01,5.03E-12
2.0554E-10,3.461,1.15E-01,5.54E-12
2.0611E-10,3.617,1.31E-01,6.11E-12
2.0674E-10,3.795,1.49E-01,6.74E-12
2.0746E-10,4.004,1.68E-01,7.46E-12
2.0825E-10,4.255,1.90E-01,8.25E-12
2.0915E-10,4.561,2.14E-01,9.15E-12
2.102E-10,4.938,2.40E-01,1.02E-11
2.113E-10,5.407,2.68E-01,1.13E-11
2.126E-10,5.989,2.99E-01,1.26E-11
2.14E-10,6.711,3.32E-01,1.40E-11
2.156E-10,7.574,3.69E-01,1.56E-11
2.174E-10,8.523,4.10E-01,1.74E-11
2.194E-10,9.543,4.57E-01,1.94E-11
2.218E-10,10.65,5.13E-01,2.18E-11
2.245E-10,11.86,5.80E-01,2.45E-11
2.278E-10,13.24,6.61E-01,2.78E-11
2.317E-10,14.84,7.58E-01,3.17E-11
2.363E-10,16.76,8.74E-01,3.63E-11
2.418E-10,19.11,1.011,4.18E-11
2.483E-10,22,1.17,4.83E-11
2.56E-10,25.57,1.355,5.60E-11
2.65E-10,29.93,1.568,6.50E-11
2.756E-10,35.22,1.817,7.56E-11
2.882E-10,41.58,2.11,8.82E-11
3.03E-10,49.16,2.46,1.03E-10
3.09E-10,51.8,2.584,1.09E-10
3.13E-10,53.77,2.677,1.13E-10
3.15E-10,55.14,2.742,1.15E-10
3.17E-10,56.1,2.787,1.17E-10
3.18E-10,56.35,2.8,1.18E-10
3.18E-10,56.44,2.804,1.18E-10
3.18E-10,56.51,2.807,1.18E-10
3.18E-10,56.52,2.808,1.18E-10
3.18E-10,56.54,2.808,1.18E-10
3.18E-10,56.54,2.809,1.18E-10
3.18E-10,56.55,2.809,1.18E-10
3.18E-10,56.56,2.809,1.18E-10
3.18E-10,56.56,2.81,1.18E-10
3.18E-10,56.57,2.81,1.18E-10
3.18E-10,56.57,2.81,1.18E-10
3.18E-10,56.58,2.81,1.18E-10
3.18E-10,56.58,2.811,1.18E-10
3.18E-10,56.59,2.811,1.18E-10
3.18E-10,56.59,2.811,1.18E-10
3.18E-10,56.6,2.811,1.18E-10
3.18E-10,56.61,2.812,1.18E-10
3.18E-10,56.61,2.812,1.18E-10
3.18E-10,56.62,2.812,1.18E-10
3.18E-10,56.62,2.813,1.18E-10
3.18E-10,56.63,2.813,1.18E-10
3.18E-10,56.64,2.813,1.18E-10
3.18E-10,56.65,2.814,1.18E-10
3.18E-10,56.65,2.814,1.18E-10
3.18E-10,56.66,2.815,1.18E-10
3.19E-10,56.67,2.815,1.19E-10
3.19E-10,56.68,2.815,1.19E-10
3.19E-10,56.69,2.816,1.19E-10
3.19E-10,56.71,2.817,1.19E-10
3.19E-10,56.72,2.817,1.19E-10
3.19E-10,56.75,2.818,1.19E-10
3.19E-10,56.77,2.82,1.19E-10
3.19E-10,56.79,2.821,1.19E-10
3.19E-10,56.81,2.822,1.19E-10
3.19E-10,56.85,2.824,1.19E-10
3.19E-10,56.91,2.827,1.19E-10
3.19E-10,57.09,2.838,1.19E-10
3.2E-10,57.21,2.845,1.20E-10
3.2E-10,57.34,2.856,1.20E-10
3.21E-10,57.48,2.867,1.21E-10
3.21E-10,57.61,2.88,1.21E-10
3.22E-10,57.76,2.896,1.22E-10
3.22E-10,57.92,2.915,1.22E-10
3.23E-10,58.1,2.938,1.23E-10
3.24E-10,58.32,2.967,1.24E-10
3.25E-10,58.64,3.003,1.25E-10
3.27E-10,59.19,3.06,1.27E-10
3.3E-10,59.88,3.124,1.30E-10
3.36E-10,61.69,3.292,1.36E-10
3.42E-10,63.43,3.466,1.42E-10
3.48E-10,64.94,3.632,1.48E-10
3.66E-10,68.94,4.14,1.66E-10
3.86E-10,72.61,4.733,1.86E-10
4.06E-10,75.38,5.344,2.06E-10
4.22E-10,77.14,5.863,2.22E-10
4.39E-10,78.53,6.385,2.39E-10
4.52E-10,79.42,6.796,2.52E-10
4.72E-10,80.51,7.441,2.72E-10
4.92E-10,81.29,8.092,2.92E-10
5E-10,81.54,8.369,3.00E-10
5.02E-10,79.87,8.403,3.02E-10
5.08E-10,77.64,8.447,3.08E-10
5.19E-10,75.68,8.486,3.19E-10
5.29E-10,74.03,8.519,3.29E-10
5.44E-10,71.39,8.572,3.44E-10
5.64E-10,67.93,8.641,3.64E-10
5.84E-10,64.72,8.706,3.84E-10
6.04E-10,61.74,8.765,4.04E-10
6.24E-10,58.96,8.821,4.24E-10
6.44E-10,56.37,8.873,4.44E-10
6.64E-10,53.95,8.921,4.64E-10
6.84E-10,51.62,8.968,4.84E-10
7.04E-10,49.36,9.013,5.04E-10
7.24E-10,47.25,9.055,5.24E-10
7.44E-10,45.29,9.094,5.44E-10
7.64E-10,43.49,9.13,5.64E-10
7.84E-10,41.83,9.163,5.84E-10
8.04E-10,40.3,9.194,6.04E-10
8.24E-10,38.88,9.222,6.24E-10
8.44E-10,37.58,9.248,6.44E-10
8.64E-10,36.37,9.273,6.64E-10
8.84E-10,35.25,9.295,6.84E-10
9.04E-10,34.22,9.316,7.04E-10
9.24E-10,33.26,9.335,7.24E-10
9.44E-10,32.37,9.353,7.44E-10
9.64E-10,31.54,9.369,7.64E-10
9.84E-10,30.78,9.384,7.84E-10
1.004E-09,30.06,9.399,8.04E-10
1.024E-09,29.4,9.412,8.24E-10
1.044E-09,28.78,9.424,8.44E-10
1.064E-09,28.2,9.436,8.64E-10
1.084E-09,27.66,9.447,8.84E-10
1.104E-09,27.16,9.457,9.04E-10
1.124E-09,26.68,9.466,9.24E-10
1.144E-09,26.24,9.475,9.44E-10
1.164E-09,25.83,9.483,9.64E-10
1.184E-09,25.44,9.491,9.84E-10
1.2E-09,25.08,9.498,1.00E-09
1.22E-09,24.74,9.505,1.02E-09
1.24E-09,24.42,9.512,1.04E-09
1.26E-09,24.12,9.518,1.06E-09
1.28E-09,23.84,9.523,1.08E-09
1.3E-09,23.57,9.529,1.10E-09
1.32E-09,23.32,9.534,1.12E-09
1.34E-09,23.08,9.538,1.14E-09
1.36E-09,22.86,9.543,1.16E-09
1.38E-09,22.65,9.547,1.18E-09
1.4E-09,22.45,9.551,1.20E-09
1.42E-09,22.26,9.555,1.22E-09
1.44E-09,22.08,9.558,1.24E-09
1.46E-09,21.91,9.562,1.26E-09
1.48E-09,21.76,9.565,1.28E-09
1.5E-09,21.6,9.568,1.30E-09
1.52E-09,21.46,9.571,1.32E-09
1.54E-09,21.32,9.574,1.34E-09
1.56E-09,21.19,9.576,1.36E-09
1.58E-09,21.07,9.579,1.38E-09
1.6E-09,20.95,9.581,1.40E-09
1.62E-09,20.84,9.583,1.42E-09
1.64E-09,20.74,9.585,1.44E-09
1.66E-09,20.64,9.587,1.46E-09
1.68E-09,20.54,9.589,1.48E-09
1.7E-09,20.45,9.591,1.50E-09
1.72E-09,20.36,9.593,1.52E-09
1.74E-09,20.28,9.594,1.54E-09
1.76E-09,20.2,9.596,1.56E-09
1.78E-09,20.12,9.598,1.58E-09
1.8E-09,20.05,9.599,1.60E-09
1.82E-09,19.98,9.6,1.62E-09
1.84E-09,19.92,9.602,1.64E-09
1.86E-09,19.85,9.603,1.66E-09
1.88E-09,19.79,9.604,1.68E-09
1.9E-09,19.73,9.605,1.70E-09
1.92E-09,19.68,9.606,1.72E-09
1.94E-09,19.62,9.608,1.74E-09
1.96E-09,19.57,9.609,1.76E-09
1.98E-09,19.52,9.61,1.78E-09
0.000000002,19.48,9.61,1.80E-09
2.02E-09,19.43,9.611,1.82E-09
2.04E-09,19.39,9.612,1.84E-09
2.06E-09,19.34,9.613,1.86E-09
2.08E-09,19.3,9.614,1.88E-09
2.1E-09,19.27,9.615,1.90E-09
2.12E-09,19.23,9.615,1.92E-09
2.14E-09,19.19,9.616,1.94E-09
2.16E-09,19.16,9.617,1.96E-09
2.18E-09,19.13,9.617,1.98E-09
2.2E-09,19.09,9.618,2.00E-09
2.22E-09,19.06,9.619,2.02E-09
2.24E-09,19.03,9.619,2.04E-09
2.26E-09,19,9.62,2.06E-09
2.28E-09,18.98,9.62,2.08E-09
2.3E-09,18.95,9.621,2.10E-09
2.32E-09,18.92,9.622,2.12E-09
2.34E-09,18.9,9.622,2.14E-09
2.36E-09,18.88,9.622,2.16E-09
2.38E-09,18.85,9.623,2.18E-09
2.4E-09,18.83,9.623,2.20E-09
2.42E-09,18.81,9.624,2.22E-09
2.44E-09,18.79,9.624,2.24E-09
2.46E-09,18.77,9.625,2.26E-09
2.48E-09,18.75,9.625,2.28E-09
2.5E-09,18.73,9.625,2.30E-09
2.52E-09,18.71,9.626,2.32E-09
2.54E-09,18.69,9.626,2.34E-09
2.56E-09,18.68,9.626,2.36E-09
2.58E-09,18.66,9.627,2.38E-09
2.6E-09,18.64,9.627,2.40E-09
2.62E-09,18.63,9.627,2.42E-09
2.64E-09,18.61,9.628,2.44E-09
2.66E-09,18.6,9.628,2.46E-09
2.68E-09,18.59,9.628,2.48E-09
2.7E-09,18.57,9.629,2.50E-09
2.72E-09,18.56,9.629,2.52E-09
2.74E-09,18.55,9.629,2.54E-09
2.76E-09,18.53,9.629,2.56E-09
2.78E-09,18.52,9.63,2.58E-09
2.8E-09,18.51,9.63,2.60E-09
2.82E-09,18.5,9.63,2.62E-09
2.84E-09,18.49,9.63,2.64E-09
2.86E-09,18.48,9.63,2.66E-09
2.88E-09,18.47,9.631,2.68E-09
2.9E-09,18.46,9.631,2.70E-09
2.92E-09,18.45,9.631,2.72E-09
2.94E-09,18.44,9.631,2.74E-09
2.96E-09,18.43,9.631,2.76E-09
2.98E-09,18.42,9.632,2.78E-09
0.000000003,18.41,9.632,2.80E-09
3.02E-09,18.4,9.632,2.82E-09
3.04E-09,18.4,9.632,2.84E-09
3.06E-09,18.39,9.632,2.86E-09
3.08E-09,18.38,9.632,2.88E-09
3.1E-09,18.37,9.633,2.90E-09
3.12E-09,18.37,9.633,2.92E-09
3.14E-09,18.36,9.633,2.94E-09
3.16E-09,18.35,9.633,2.96E-09
3.18E-09,18.35,9.633,2.98E-09
3.2E-09,18.34,9.633,3.00E-09
3.22E-09,18.33,9.633,3.02E-09
3.24E-09,18.33,9.633,3.04E-09
3.26E-09,18.32,9.634,3.06E-09
3.28E-09,18.32,9.634,3.08E-09
3.3E-09,18.31,9.634,3.10E-09
3.32E-09,18.3,9.634,3.12E-09
3.34E-09,18.3,9.634,3.14E-09
3.36E-09,18.29,9.634,3.16E-09
3.38E-09,18.29,9.634,3.18E-09
3.4E-09,18.28,9.634,3.20E-09
3.42E-09,18.28,9.634,3.22E-09
3.44E-09,18.28,9.634,3.24E-09
3.46E-09,18.27,9.635,3.26E-09
3.48E-09,18.27,9.635,3.28E-09
3.5E-09,18.26,9.635,3.30E-09
3.52E-09,18.26,9.635,3.32E-09
3.54E-09,18.25,9.635,3.34E-09
3.56E-09,18.25,9.635,3.36E-09
3.58E-09,18.25,9.635,3.38E-09
3.6E-09,18.24,9.635,3.40E-09
3.62E-09,18.24,9.635,3.42E-09
3.64E-09,18.24,9.635,3.44E-09
3.66E-09,18.23,9.635,3.46E-09
3.68E-09,18.23,9.635,3.48E-09
3.7E-09,18.23,9.635,3.50E-09
3.72E-09,18.22,9.636,3.52E-09
3.74E-09,18.22,9.636,3.54E-09
3.76E-09,18.22,9.636,3.56E-09
3.78E-09,18.22,9.636,3.58E-09
3.8E-09,18.21,9.636,3.60E-09
3.82E-09,18.21,9.636,3.62E-09
3.84E-09,18.21,9.636,3.64E-09
3.86E-09,18.21,9.636,3.66E-09
3.88E-09,18.2,9.636,3.68E-09
3.9E-09,18.2,9.636,3.70E-09
3.92E-09,18.2,9.636,3.72E-09
3.94E-09,18.2,9.636,3.74E-09
3.96E-09,18.19,9.636,3.76E-09
3.98E-09,18.19,9.636,3.78E-09
0.000000004,18.19,9.636,3.80E-09
4.02E-09,18.19,9.636,3.82E-09
4.04E-09,18.19,9.636,3.84E-09
4.06E-09,18.19,9.636,3.86E-09
4.08E-09,18.18,9.636,3.88E-09
4.1E-09,18.18,9.636,3.90E-09
4.12E-09,18.18,9.636,3.92E-09
4.14E-09,18.18,9.636,3.94E-09
4.16E-09,18.18,9.636,3.96E-09
4.18E-09,18.18,9.636,3.98E-09
4.2E-09,18.17,9.637,4.00E-09
4.22E-09,18.17,9.637,4.02E-09
4.24E-09,18.17,9.637,4.04E-09
4.26E-09,18.17,9.637,4.06E-09
4.28E-09,18.17,9.637,4.08E-09
4.3E-09,18.17,9.637,4.10E-09
4.32E-09,18.17,9.637,4.12E-09
4.34E-09,18.17,9.637,4.14E-09
4.36E-09,18.16,9.637,4.16E-09
4.38E-09,18.16,9.637,4.18E-09
4.4E-09,18.16,9.637,4.20E-09
4.42E-09,18.16,9.637,4.22E-09
4.44E-09,18.16,9.637,4.24E-09
4.46E-09,18.16,9.637,4.26E-09
4.48E-09,18.16,9.637,4.28E-09
4.5E-09,18.16,9.637,4.30E-09
4.52E-09,18.16,9.637,4.32E-09
4.54E-09,18.16,9.637,4.34E-09
4.56E-09,18.16,9.637,4.36E-09
4.58E-09,18.16,9.637,4.38E-09
4.6E-09,18.16,9.637,4.40E-09
4.62E-09,18.15,9.637,4.42E-09
4.64E-09,18.15,9.637,4.44E-09
4.66E-09,18.15,9.637,4.46E-09
4.68E-09,18.15,9.637,4.48E-09
4.7E-09,18.15,9.637,4.50E-09
4.72E-09,18.15,9.637,4.52E-09
4.74E-09,18.15,9.637,4.54E-09
4.76E-09,18.15,9.637,4.56E-09
4.78E-09,18.15,9.637,4.58E-09
4.8E-09,18.15,9.637,4.60E-09
4.82E-09,18.15,9.637,4.62E-09
4.84E-09,18.15,9.637,4.64E-09
4.86E-09,18.15,9.637,4.66E-09
4.88E-09,18.15,9.637,4.68E-09
4.9E-09,18.15,9.637,4.70E-09
4.92E-09,18.15,9.637,4.72E-09
4.94E-09,18.15,9.637,4.74E-09
4.96E-09,18.15,9.637,4.76E-09
4.98E-09,18.15,9.637,4.78E-09
0.000000005,18.15,9.637,4.80E-09
5.02E-09,18.15,9.637,4.82E-09
5.04E-09,18.15,9.637,4.84E-09
5.06E-09,18.15,9.637,4.86E-09
5.08E-09,18.15,9.637,4.88E-09
5.1E-09,18.15,9.637,4.90E-09
5.12E-09,18.15,9.637,4.92E-09
5.14E-09,18.15,9.637,4.94E-09
5.16E-09,18.15,9.637,4.96E-09
5.18E-09,18.15,9.637,4.98E-09
5.2E-09,18.15,9.637,5.00E-09
5.22E-09,18.15,9.637,5.02E-09
5.24E-09,18.15,9.637,5.04E-09
5.26E-09,18.15,9.637,5.06E-09
5.28E-09,18.15,9.637,5.08E-09
5.30E-09,18.15,9.637,
5.30E-09,16.46,9.604,
5.31E-09,14.47,9.444,
5.32E-09,13.79,9.046,
5.33E-09,13.59,8.713,
5.35E-09,12.94,8.161,
5.37E-09,12.04,7.512,
5.39E-09,11.15,6.863,
5.41E-09,10.25,6.214,
5.43E-09,9.363,5.565,
5.45E-09,8.472,4.917,
5.47E-09,7.581,4.268,
5.49E-09,6.689,3.619,
5.51E-09,5.797,2.97,
5.53E-09,4.903,2.321,
5.55E-09,4.008,1.673,
5.57E-09,3.109,1.024,
5.59E-09,2.2,3.75E-01,
5.60E-09,1.577,-3.15E-02,
5.60E-09,2.29,-4.58E-02,
5.60E-09,2.981,-5.96E-02,
5.60E-09,3.639,-7.28E-02,
5.60E-09,3.945,-7.89E-02,
5.61E-09,4.039,-8.08E-02,
5.61E-09,3.998,-8.00E-02,
5.61E-09,3.865,-7.73E-02,
5.61E-09,3.656,-7.31E-02,
5.61E-09,3.384,-6.77E-02,
5.61E-09,3.06,-6.12E-02,
5.61E-09,2.772,-5.55E-02,
5.62E-09,2.384,-4.77E-02,
5.62E-09,1.832,-3.66E-02,
5.63E-09,1.207,-2.42E-02,
5.64E-09,8.61E-01,-1.72E-02,
5.64E-09,6.16E-01,-1.23E-02,
5.65E-09,4.52E-01,-9.03E-03,
5.65E-09,3.35E-01,-6.70E-03,
5.66E-09,2.50E-01,-5.00E-03,
5.66E-09,1.86E-01,-3.73E-03,
5.67E-09,1.39E-01,-2.77E-03,
5.67E-09,1.03E-01,-2.06E-03,
5.68E-09,7.64E-02,-1.53E-03,
5.68E-09,5.66E-02,-1.13E-03,
5.69E-09,4.19E-02,-8.39E-04,
5.70E-09,3.11E-02,-6.22E-04,
5.70E-09,2.30E-02,-4.61E-04,
5.71E-09,1.71E-02,-3.42E-04,
5.71E-09,1.27E-02,-2.53E-04,
5.72E-09,9.38E-03,-1.88E-04,
5.72E-09,6.96E-03,-1.39E-04,
5.73E-09,5.16E-03,-1.03E-04,
5.73E-09,3.82E-03,-7.65E-05,
5.74E-09,2.83E-03,-5.67E-05,
5.74E-09,2.10E-03,-4.20E-05,
5.75E-09,1.56E-03,-3.12E-05,
5.75E-09,1.15E-03,-2.31E-05,
5.76E-09,8.56E-04,-1.71E-05,
5.77E-09,6.34E-04,-1.27E-05,
5.77E-09,4.70E-04,-9.41E-06,
5.78E-09,3.49E-04,-6.97E-06,
5.78E-09,2.59E-04,-5.17E-06,
5.79E-09,1.92E-04,-3.83E-06,
5.79E-09,1.42E-04,-2.84E-06,
5.80E-09,1.05E-04,-2.11E-06,
5.80E-09,7.81E-05,-1.56E-06,
5.81E-09,5.79E-05,-1.16E-06,
5.81E-09,4.29E-05,-8.58E-07,
5.82E-09,3.18E-05,-6.36E-07,
5.82E-09,2.36E-05,-4.72E-07,
5.83E-09,1.75E-05,-3.50E-07,
5.84E-09,1.30E-05,-2.59E-07,
5.84E-09,9.60E-06,-1.92E-07,
5.85E-09,7.12E-06,-1.42E-07,
5.85E-09,5.28E-06,-1.06E-07,
5.86E-09,3.91E-06,-7.82E-08,
5.86E-09,2.90E-06,-5.80E-08,
5.87E-09,2.15E-06,-4.30E-08,
5.87E-09,1.59E-06,-3.19E-08,
5.88E-09,1.18E-06,-2.36E-08,
5.88E-09,8.76E-07,-1.75E-08,
5.89E-09,6.49E-07,-1.30E-08,
5.89E-09,4.81E-07,-9.63E-09,
5.90E-09,3.57E-07,-7.14E-09,
5.91E-09,2.65E-07,-5.29E-09,
5.91E-09,1.96E-07,-3.92E-09,
5.92E-09,1.45E-07,-2.91E-09,
5.92E-09,1.08E-07,-2.16E-09,
5.93E-09,7.99E-08,-1.60E-09,
5.93E-09,5.92E-08,-1.18E-09,
5.94E-09,4.39E-08,-8.78E-10,
5.94E-09,3.25E-08,-6.51E-10,
5.95E-09,2.41E-08,-4.83E-10,
5.95E-09,1.79E-08,-3.58E-10,
5.96E-09,1.31E-08,-2.62E-10,
5.97E-09,9.30E-09,-1.86E-10,
5.97E-09,6.33E-09,-1.27E-10,
5.98E-09,4.08E-09,-8.16E-11,
5.99E-09,2.79E-09,-5.57E-11,
6.01E-09,1.35E-09,-2.69E-11,
6.03E-09,6.50E-10,-1.30E-11,
6.05E-09,3.14E-10,-6.28E-12,
6.07E-09,1.52E-10,-3.03E-12,
6.09E-09,7.32E-11,-1.46E-12,
6.11E-09,3.54E-11,-7.07E-13,
6.13E-09,1.71E-11,-3.41E-13,
6.15E-09,8.24E-12,-1.65E-13,
6.17E-09,3.98E-12,-7.96E-14,
6.19E-09,1.92E-12,-3.85E-14,
6.21E-09,9.29E-13,-1.86E-14,
6.23E-09,4.48E-13,-8.97E-15,
6.25E-09,2.17E-13,-4.33E-15,
6.27E-09,1.05E-13,-2.09E-15,
6.29E-09,5.05E-14,-1.01E-15,
6.31E-09,2.44E-14,-4.88E-16,
6.33E-09,1.18E-14,-2.36E-16,
6.35E-09,5.69E-15,-1.14E-16,
6.37E-09,2.75E-15,-5.49E-17,
6.39E-09,1.33E-15,-2.65E-17,
6.41E-09,6.41E-16,-1.28E-17,
6.43E-09,3.09E-16,-6.19E-18,
6.45E-09,1.49E-16,-2.99E-18,
6.47E-09,7.21E-17,-1.44E-18,
6.49E-09,3.48E-17,-6.97E-19,
6.51E-09,1.68E-17,-3.37E-19,
6.53E-09,8.12E-18,-1.63E-19,
6.55E-09,3.92E-18,-7.85E-20,
6.57E-09,1.90E-18,-3.79E-20,
6.59E-09,9.15E-19,-1.83E-20,
6.61E-09,4.42E-19,-8.84E-21,
6.63E-09,2.13E-19,-4.27E-21,
6.65E-09,1.03E-19,-2.06E-21,
6.67E-09,4.98E-20,-9.96E-22,
6.69E-09,2.41E-20,-4.81E-22,
6.71E-09,1.16E-20,-2.33E-22,
6.73E-09,5.64E-21,-1.13E-22,
6.75E-09,2.74E-21,-5.48E-23,
6.77E-09,1.34E-21,-2.68E-23,
6.79E-09,6.66E-22,-1.33E-23,
6.81E-09,3.39E-22,-6.78E-24,
6.83E-09,1.81E-22,-3.63E-24,
6.85E-09,1.05E-22,-2.10E-24,
6.87E-09,6.84E-23,-1.37E-24,
6.89E-09,5.06E-23,-1.01E-24,
6.91E-09,4.19E-23,-8.38E-25,
6.93E-09,3.77E-23,-7.54E-25,
6.95E-09,3.56E-23,-7.13E-25,
6.97E-09,3.46E-23,-6.92E-25,
6.99E-09,3.41E-23,-6.82E-25,
7.01E-09,3.38E-23,-6.76E-25,
7.03E-09,3.36E-23,-6.73E-25,
7.05E-09,3.35E-23,-6.70E-25,
7.07E-09,3.34E-23,-6.69E-25,
7.09E-09,3.34E-23,-6.67E-25,
7.11E-09,3.33E-23,-6.66E-25,
7.13E-09,3.32E-23,-6.64E-25,
7.15E-09,3.32E-23,-6.63E-25,
7.17E-09,3.31E-23,-6.62E-25,
7.19E-09,3.30E-23,-6.61E-25,
7.21E-09,3.30E-23,-6.60E-25,
7.23E-09,3.29E-23,-6.59E-25,
7.25E-09,3.29E-23,-6.57E-25,
7.27E-09,3.28E-23,-6.56E-25,
7.29E-09,3.28E-23,-6.55E-25,
7.31E-09,3.27E-23,-6.54E-25,
7.33E-09,3.26E-23,-6.53E-25,
7.35E-09,3.26E-23,-6.52E-25,
7.37E-09,3.25E-23,-6.51E-25,
7.39E-09,3.25E-23,-6.50E-25,
7.41E-09,3.24E-23,-6.48E-25,
7.43E-09,3.24E-23,-6.47E-25,
7.45E-09,3.23E-23,-6.46E-25,
7.47E-09,3.23E-23,-6.45E-25,
7.49E-09,3.22E-23,-6.44E-25,
7.51E-09,3.22E-23,-6.43E-25,
7.53E-09,3.21E-23,-6.42E-25,
7.55E-09,3.21E-23,-6.41E-25,
7.57E-09,3.20E-23,-6.40E-25,
7.59E-09,3.19E-23,-6.39E-25,
7.61E-09,3.19E-23,-6.38E-25,
7.63E-09,3.18E-23,-6.37E-25,
7.65E-09,3.18E-23,-6.36E-25,
7.67E-09,3.17E-23,-6.35E-25,
7.69E-09,3.17E-23,-6.34E-25,
7.71E-09,3.16E-23,-6.33E-25,
7.73E-09,3.16E-23,-6.32E-25,
7.75E-09,3.15E-23,-6.31E-25,
7.77E-09,3.15E-23,-6.30E-25,
7.79E-09,3.15E-23,-6.29E-25,
7.81E-09,3.14E-23,-6.28E-25,
7.83E-09,3.14E-23,-6.27E-25,
7.85E-09,3.13E-23,-6.26E-25,
7.87E-09,3.13E-23,-6.25E-25,
7.89E-09,3.12E-23,-6.24E-25,
7.91E-09,3.12E-23,-6.23E-25,
7.93E-09,3.11E-23,-6.22E-25,
7.95E-09,3.11E-23,-6.21E-25,
7.97E-09,3.10E-23,-6.21E-25,
7.99E-09,3.10E-23,-6.20E-25,
8.01E-09,3.09E-23,-6.19E-25,
8.03E-09,3.09E-23,-6.18E-25,
8.05E-09,3.09E-23,-6.17E-25,
8.07E-09,3.08E-23,-6.16E-25,
8.09E-09,3.08E-23,-6.15E-25,
8.11E-09,3.07E-23,-6.14E-25,
8.13E-09,3.07E-23,-6.13E-25,
8.15E-09,3.06E-23,-6.13E-25,
8.17E-09,3.06E-23,-6.12E-25,
8.19E-09,3.05E-23,-6.11E-25,
8.21E-09,3.05E-23,-6.10E-25,
8.23E-09,3.05E-23,-6.09E-25,
8.25E-09,3.04E-23,-6.08E-25,
8.27E-09,3.04E-23,-6.08E-25,
8.29E-09,3.03E-23,-6.07E-25,
8.31E-09,3.03E-23,-6.06E-25,
8.33E-09,3.03E-23,-6.05E-25,
8.35E-09,3.02E-23,-6.04E-25,
8.37E-09,3.02E-23,-6.03E-25,
8.39E-09,3.01E-23,-6.03E-25,
8.41E-09,3.01E-23,-6.02E-25,
8.43E-09,3.01E-23,-6.01E-25,
8.45E-09,3.00E-23,-6.00E-25,
8.47E-09,3.00E-23,-6.00E-25,
8.49E-09,2.99E-23,-5.99E-25,
8.51E-09,2.99E-23,-5.98E-25,
8.53E-09,2.99E-23,-5.97E-25,
8.55E-09,2.98E-23,-5.96E-25,
8.57E-09,2.98E-23,-5.96E-25,
8.59E-09,2.97E-23,-5.95E-25,
8.61E-09,2.97E-23,-5.94E-25,
8.63E-09,2.97E-23,-5.93E-25,
8.65E-09,2.96E-23,-5.93E-25,
8.67E-09,2.96E-23,-5.92E-25,
8.69E-09,2.96E-23,-5.91E-25,
8.71E-09,2.95E-23,-5.90E-25,
8.73E-09,2.95E-23,-5.90E-25,
8.75E-09,2.95E-23,-5.89E-25,
8.77E-09,2.94E-23,-5.88E-25,
8.79E-09,2.94E-23,-5.88E-25,
8.81E-09,2.93E-23,-5.87E-25,
8.83E-09,2.93E-23,-5.86E-25,
8.85E-09,2.93E-23,-5.85E-25,
8.87E-09,2.92E-23,-5.85E-25,
8.89E-09,2.92E-23,-5.84E-25,
8.91E-09,2.92E-23,-5.83E-25,
8.93E-09,2.91E-23,-5.83E-25,
8.95E-09,2.91E-23,-5.82E-25,
8.97E-09,2.91E-23,-5.81E-25,
8.99E-09,2.90E-23,-5.81E-25,
9.01E-09,2.90E-23,-5.80E-25,
9.03E-09,2.90E-23,-5.79E-25,
9.05E-09,2.89E-23,-5.79E-25,
9.07E-09,2.89E-23,-5.78E-25,
9.09E-09,2.89E-23,-5.77E-25,
9.11E-09,2.88E-23,-5.77E-25,
9.13E-09,2.88E-23,-5.76E-25,
9.15E-09,2.88E-23,-5.75E-25,
9.17E-09,2.87E-23,-5.75E-25,
9.19E-09,2.87E-23,-5.74E-25,
9.21E-09,2.87E-23,-5.74E-25,
9.23E-09,2.86E-23,-5.73E-25,
9.25E-09,2.86E-23,-5.72E-25,
9.27E-09,2.86E-23,-5.72E-25,
9.29E-09,2.86E-23,-5.71E-25,
9.31E-09,2.85E-23,-5.70E-25,
9.33E-09,2.85E-23,-5.70E-25,
9.35E-09,2.85E-23,-5.69E-25,
9.37E-09,2.84E-23,-5.69E-25,
9.39E-09,2.84E-23,-5.68E-25,
9.41E-09,2.84E-23,-5.67E-25,
9.43E-09,2.83E-23,-5.67E-25,
9.45E-09,2.83E-23,-5.66E-25,
9.47E-09,2.83E-23,-5.66E-25,
9.49E-09,2.83E-23,-5.65E-25,
9.51E-09,2.82E-23,-5.64E-25,
9.53E-09,2.82E-23,-5.64E-25,
9.55E-09,2.82E-23,-5.63E-25,
9.57E-09,2.81E-23,-5.63E-25,
9.59E-09,2.81E-23,-5.62E-25,
9.61E-09,2.81E-23,-5.62E-25,
9.63E-09,2.81E-23,-5.61E-25,
9.65E-09,2.80E-23,-5.60E-25,
9.67E-09,2.80E-23,-5.60E-25,
9.69E-09,2.80E-23,-5.59E-25,
9.71E-09,2.79E-23,-5.59E-25,
9.73E-09,2.79E-23,-5.58E-25,
9.75E-09,2.79E-23,-5.58E-25,
9.77E-09,2.79E-23,-5.57E-25,
9.79E-09,2.78E-23,-5.57E-25,
9.81E-09,2.78E-23,-5.56E-25,
9.83E-09,2.78E-23,-5.56E-25,
9.85E-09,2.78E-23,-5.55E-25,
9.87E-09,2.77E-23,-5.54E-25,
9.89E-09,2.77E-23,-5.54E-25,
9.91E-09,2.77E-23,-5.53E-25,
9.93E-09,2.76E-23,-5.53E-25,
9.95E-09,2.76E-23,-5.52E-25,
9.97E-09,2.76E-23,-5.52E-25,
9.99E-09,2.76E-23,-5.51E-25,
1.00E-08,2.76E-23,-5.51E-25,
